list_edition,vehicle_group,example_models,fuel,connector,harness,min_model_year,odometer,fuel_level,engine_hours,fault_codes,recommended_fitting,notes,last_verified
2026-06,"Vans, gasoline","Ford Transit, Ford Transit Connect, Ram ProMaster, Chevrolet Express, GMC Savana",gasoline,OBD-II 16-pin,KH-16Y,2010,yes,yes,calculated,yes,self or fitter,"Engine hours are calculated from ignition time",2026-05-12
2026-06,"Vans, diesel","Mercedes-Benz Sprinter, Ford Transit diesel, Ram ProMaster diesel",diesel,OBD-II 16-pin,KH-16Y,2010,yes,yes,yes,yes,self or fitter,"Sprinter: the connector is behind a cover under the dash on the driver's side",2026-05-12
2026-06,"Pickups, gasoline","Ford F-150, Chevrolet Silverado, Toyota Tacoma, Nissan Frontier",gasoline,OBD-II 16-pin,KH-16Y,2010,yes,yes,calculated,yes,self or fitter,,2026-05-12
2026-06,"Pickups, heavy-duty diesel","Ford F-350, Ram 3500, GMC Sierra 3500HD",diesel,OBD-II 16-pin,KH-16Y,2011,yes,yes,yes,yes,self or fitter,"Fuel level is sent in eighths of a tank on models before 2015",2026-05-12
2026-06,"Cars and SUVs","Toyota Camry, Ford Explorer, Chevrolet Tahoe, Honda CR-V",gasoline or hybrid,OBD-II 16-pin,KH-16Y,2010,yes,yes,calculated,yes,self or fitter,"Hybrids: engine hours count only while the engine is running",2026-04-28
2026-06,"Cutaway and box trucks, gasoline","Ford E-350, Ford E-450, Chevrolet Express cutaway",gasoline,OBD-II 16-pin,KH-16Y,2010,yes,yes,calculated,yes,self or fitter,,2026-04-28
2026-06,"Step vans","Freightliner MT45, Freightliner MT55, Ford F-59",gasoline,OBD-II 16-pin,KH-16Y,2012,yes,yes,calculated,yes,fitter recommended,"Diesel step vans have the green 9-pin connector: see medium-duty conventional trucks",2026-04-28
2026-06,"Cab-over trucks, medium duty","Isuzu NPR, Isuzu NQR, Hino 195, Mitsubishi Fuso FE",diesel,16-pin carrying J1939,KH-16J,2012,yes,yes,yes,yes,fitter recommended,"The connector looks like OBD-II. KH-16Y fits it but gives position only",2026-06-02
2026-06,"Conventional trucks, medium duty (2016 and later)","Freightliner M2 106, International MV, Kenworth T270, Hino L6",diesel,9-pin green,KH-9G,2016,yes,yes,yes,yes,fitter,,2026-06-02
2026-06,"Conventional trucks, medium duty (before 2016)","Freightliner M2 106, International DuraStar, Kenworth T270",diesel,9-pin black,KH-9B,2007,yes,yes,yes,yes,fitter,"Fuel level is missing on some DuraStar trucks built before 2010",2026-06-02
2026-06,"Class 8 tractors (2016 and later)","Freightliner Cascadia, Kenworth T680, Peterbilt 579, International LT",diesel,9-pin green,KH-9G,2016,yes,yes,yes,yes,fitter,"The connector is under the dash to the left of the steering column",2026-06-02
2026-06,"Class 8 tractors (before 2016)","Freightliner Cascadia, Kenworth T660, Peterbilt 587, International ProStar",diesel,9-pin black,KH-9B,2007,yes,yes,yes,yes,fitter,,2026-06-02
2026-06,"Volvo and Mack tractors (2016 and later)","Volvo VNL, Volvo VNR, Mack Anthem, Mack Pinnacle",diesel,9-pin green,KH-9G,2016,yes,yes,yes,yes,fitter,"The connector is on the kick panel by the driver's left knee. Before 2016 these trucks have the black connector: use KH-9B",2026-06-02
2026-06,"Class 8 vocational trucks (2016 and later)","Mack Granite, Kenworth T880, Peterbilt 567, Western Star 4700",diesel,9-pin green,KH-9G,2016,yes,yes,yes,yes,fitter,"Dump and mixer bodies: fit the unit inside the cab, never on the body",2026-06-02
2026-06,"Cab-chassis trucks, light diesel","Ford F-450, Ford F-550, Ram 4500, Ram 5500",diesel,OBD-II 16-pin,KH-16Y,2011,yes,yes,yes,yes,self or fitter,"Engine hours include power take-off time",2026-05-12
2026-06,"Motor coaches","MCI J4500, Prevost H3-45, Van Hool CX45",diesel,9-pin green,KH-9G,2016,yes,yes,yes,yes,fitter,"The connector is in the driver's side console, not under the dash",2026-05-27
2026-06,"Yard tractors","Kalmar Ottawa T2, Capacity TJ, TICO Pro-Spotter",diesel,9-pin black,KH-9B,2010,no,yes,yes,yes,fitter,"Odometer is not sent. Use engine hours for service schedules",2026-05-27
2026-06,"Refuse trucks","Mack LR, Peterbilt 520, Autocar ACX",diesel,9-pin green,KH-9G,2016,yes,yes,yes,yes,fitter,"Mount the unit away from the body controller. Power take-off time is reported apart from idling",2026-05-27
2026-06,"School and shuttle buses, conventional","Blue Bird Vision, IC Bus CE, Thomas Saf-T-Liner C2",diesel,9-pin green,KH-9G,2016,yes,yes,yes,yes,fitter,"Shuttle buses on a cutaway chassis: see cutaway and box trucks",2026-05-27
2026-06,"Transit buses","Gillig Low Floor, New Flyer Xcelsior",diesel or CNG,9-pin green,KH-9G,2016,yes,no,yes,yes,fitter,"Fuel level is not sent on CNG buses",2026-05-27
2026-06,"Tow trucks and wreckers","Ford F-550 wrecker, Hino 258 rollback, Kenworth T370 rollback",diesel,see chassis,see chassis,see chassis,yes,yes,yes,yes,fitter,"Choose the harness for the chassis: cab-chassis light diesel or medium-duty conventional",2026-05-27
2026-06,"Fire apparatus","Pierce Enforcer, E-ONE Typhoon, Rosenbauer Commander",diesel,9-pin green,KH-9G,2016,yes,yes,yes,yes,fitter,"Fit inside the cab only. Do not take power from the pump panel",2026-05-27
2026-06,"Street sweepers","Elgin Pelican, Tymco 600, Schwarze A7",diesel,9-pin green,KH-9G,2016,yes,yes,yes,yes,fitter,"Sweeper engine hours are sent apart from chassis engine hours on twin-engine machines",2026-05-27
2026-06,"Forklifts","Counterbalance and reach trucks, any maker",LPG or diesel or electric,none,KH-3W,any,no,no,from ignition time,no,fitter,"Position, trips and ignition time only",2026-04-09
2026-06,"Construction plant","Wheel loaders, excavators, telehandlers, any maker",diesel,none or maker-specific,KH-3W,any,no,no,from ignition time,no,fitter,"The maker's own connector is not used",2026-04-09
2026-06,"Light vehicles older than the minimum model year","Any car, van or pickup",any,not used,KH-3W,any,no,no,from ignition time,no,fitter,"Position, trips and ignition time only",2026-04-09
2026-06,"Motorcycles, ATVs and golf carts","Any",any,none,not available,not applicable,no,no,no,no,not supported,"No harness is offered for these vehicles",2026-04-09
