"BIO 1380 Practical 2: yeast fermentation on different sugars. Class results sheet, Autumn 2026."
"Volume of gas in the closed arm of each tube, in mL, at three readings. Method and bath setting as in the practical handbook."
"Pooled from the initialled notebook pages of groups A to D. One row for each tube on each bench: 32 benches, five tubes a bench."
"Compiled by O. Varkess, senior demonstrator. Sheet 2, Monday 5 October 2026. Sheet 1 lacked group D."
group,bench,tube,gas_at_10_min_mL,gas_at_25_min_mL,gas_at_40_min_mL,remark
A,1,glucose,3.7,12.6,22.2,
A,1,sucrose,3.3,10.6,19.2,
A,1,maltose,0.1,2.4,8.0,
A,1,lactose,0.1,0.3,0.3,
A,1,control,0.1,0.3,0.5,
A,2,glucose,3.1,11.0,20.9,
A,2,sucrose,2.6,9.6,17.4,
A,2,maltose,0.3,2.6,9.6,
A,2,lactose,0.0,0.5,0.7,
A,2,control,0.1,0.1,0.3,
A,3,glucose,2.9,10.8,19.5,
A,3,sucrose,2.0,8.8,16.1,
A,3,maltose,0.3,3.3,11.0,tube refilled after an air bubble; timing restarted
A,3,lactose,0.1,0.5,0.5,
A,3,control,0.1,0.2,0.3,
A,4,glucose,3.4,12.8,22.0,
A,4,sucrose,2.6,9.7,17.4,
A,4,maltose,0.5,3.7,10.5,
A,4,lactose,0.2,0.2,0.7,
A,4,control,0.1,0.1,0.3,
A,5,glucose,2.7,11.2,19.5,
A,5,sucrose,2.4,9.5,16.8,
A,5,maltose,0.3,3.5,10.3,
A,5,lactose,0.3,0.7,1.3,
A,5,control,0.2,0.3,0.5,
A,6,glucose,3.0,10.9,20.0,
A,6,sucrose,2.4,10.0,19.0,
A,6,maltose,0.5,3.7,10.5,
A,6,lactose,0.2,0.3,0.8,
A,6,control,0.1,0.2,0.3,
A,7,glucose,3.7,12.6,22.6,
A,7,sucrose,3.2,11.9,21.2,
A,7,maltose,0.2,2.6,8.7,
A,7,lactose,0.2,0.5,0.9,
A,7,control,0.2,0.2,0.5,
A,8,glucose,3.4,12.6,22.4,
A,8,sucrose,2.9,10.2,19.6,
A,8,maltose,0.2,2.6,8.3,
A,8,lactose,0.2,0.3,0.8,
A,8,control,0.2,0.3,0.7,
B,1,glucose,3.7,12.6,21.5,
B,1,sucrose,2.9,10.1,19.6,
B,1,maltose,0.3,3.7,10.5,
B,1,lactose,0.3,0.8,1.3,
B,1,control,0.3,0.5,0.7,
B,2,glucose,4.1,12.8,22.7,
B,2,sucrose,2.6,9.7,17.6,
B,2,maltose,0.2,2.0,7.9,
B,2,lactose,0.3,0.7,0.9,
B,2,control,0.1,0.2,0.5,
B,3,glucose,3.1,10.8,20.4,
B,3,sucrose,2.6,9.7,17.3,
B,3,maltose,0.1,2.7,8.3,
B,3,lactose,0.2,0.3,0.9,
B,3,control,0.1,0.1,0.3,
B,4,glucose,3.7,13.1,23.1,
B,4,sucrose,3.2,11.4,20.6,
B,4,maltose,0.0,2.6,7.9,
B,4,lactose,0.2,0.8,1.3,
B,4,control,0.3,0.3,0.7,
B,5,glucose,2.9,10.7,18.3,
B,5,sucrose,3.0,11.0,21.0,
B,5,maltose,0.2,2.3,9.0,
B,5,lactose,0.2,0.3,0.8,
B,5,control,0.2,0.5,0.5,
B,6,glucose,3.7,12.1,21.8,
B,6,sucrose,2.9,10.4,19.0,bath lid left off for the first reading
B,6,maltose,0.2,3.7,10.9,
B,6,lactose,0.1,0.2,0.5,
B,6,control,0.2,0.3,0.5,
B,7,glucose,2.6,10.3,20.0,
B,7,sucrose,3.1,10.2,18.5,
B,7,maltose,0.1,2.6,8.0,
B,7,lactose,0.1,0.5,0.8,
B,7,control,0.2,0.2,0.5,
B,8,glucose,4.0,13.7,23.1,
B,8,sucrose,2.6,10.6,18.3,
B,8,maltose,0.5,4.2,11.8,
B,8,lactose,0.2,0.7,1.3,
B,8,control,0.2,0.3,0.5,
C,1,glucose,2.9,11.0,18.9,
C,1,sucrose,3.1,10.8,19.6,
C,1,maltose,0.1,2.2,8.4,
C,1,lactose,0.3,0.5,0.7,
C,1,control,0.2,0.5,0.7,
C,2,glucose,3.8,12.3,22.8,
C,2,sucrose,3.4,10.7,19.5,
C,2,maltose,0.5,3.4,10.6,
C,2,lactose,0.1,0.2,0.5,
C,2,control,0.1,0.2,0.3,trace of gas only; meniscus hard to read
C,3,glucose,3.1,12.0,20.3,
C,3,sucrose,2.3,9.9,17.4,
C,3,maltose,0.2,3.0,9.4,
C,3,lactose,0.3,0.7,1.3,
C,3,control,0.3,0.3,0.3,
C,4,glucose,3.9,13.5,24.0,
C,4,sucrose,2.4,9.7,16.3,
C,4,maltose,0.5,3.7,11.9,
C,4,lactose,0.3,0.7,1.3,
C,4,control,0.3,0.5,0.7,
C,5,glucose,3.7,12.7,23.1,
C,5,sucrose,2.3,9.1,15.6,
C,5,maltose,0.2,2.9,7.9,
C,5,lactose,0.1,0.5,0.5,
C,5,control,0.3,0.5,0.5,
C,6,glucose,2.9,10.5,20.0,
C,6,sucrose,3.1,11.5,20.1,
C,6,maltose,0.5,3.4,10.4,
C,6,lactose,0.2,0.3,0.7,
C,6,control,0.1,0.3,0.5,
C,7,glucose,3.8,13.3,23.6,
C,7,sucrose,2.6,10.0,18.7,
C,7,maltose,0.5,3.0,10.2,
C,7,lactose,0.2,0.3,0.8,
C,7,control,0.2,0.2,0.5,
C,8,glucose,3.2,11.4,20.1,
C,8,sucrose,2.1,9.0,15.7,
C,8,maltose,0.5,3.7,11.1,
C,8,lactose,0.3,0.7,0.9,
C,8,control,0.3,0.5,0.5,
D,1,glucose,3.4,11.8,20.3,
D,1,sucrose,2.9,10.7,19.2,
D,1,maltose,0.2,3.2,9.9,
D,1,lactose,0.2,0.5,1.3,
D,1,control,0.3,0.3,0.5,
D,2,glucose,3.7,11.7,21.5,
D,2,sucrose,2.9,11.6,19.3,
D,2,maltose,0.0,2.1,8.7,
D,2,lactose,0.1,0.3,0.5,
D,2,control,0.3,0.3,0.5,
D,3,glucose,3.8,13.2,22.4,
D,3,sucrose,1.6,9.3,16.6,
D,3,maltose,0.1,2.3,7.9,
D,3,lactose,0.3,0.7,1.3,
D,3,control,0.3,0.3,0.7,
D,4,glucose,3.5,13.1,22.9,
D,4,sucrose,2.3,9.9,18.2,
D,4,maltose,0.5,3.8,10.2,
D,4,lactose,0.3,0.7,1.3,
D,4,control,0.3,0.5,0.7,
D,5,glucose,3.1,10.3,19.1,closed arm nearly full at the last reading
D,5,sucrose,2.9,10.4,18.2,
D,5,maltose,0.5,4.1,12.0,
D,5,lactose,0.1,0.5,0.5,
D,5,control,0.2,0.5,0.5,
D,6,glucose,2.9,10.1,20.1,
D,6,sucrose,2.3,8.7,16.4,
D,6,maltose,0.3,3.2,10.1,
D,6,lactose,0.2,0.5,1.3,
D,6,control,0.2,0.2,0.5,
D,7,glucose,3.9,12.2,22.0,
D,7,sucrose,3.0,11.4,20.7,
D,7,maltose,0.5,3.3,9.9,
D,7,lactose,0.2,0.5,0.8,checked twice by a demonstrator
D,7,control,0.2,0.2,0.5,
D,8,glucose,3.5,11.1,20.5,
D,8,sucrose,2.9,10.3,18.7,
D,8,maltose,0.5,3.7,10.6,
D,8,lactose,0.3,0.8,1.3,
D,8,control,0.1,0.2,0.5,
"Summary rows, all 32 benches. Use the class mean rows in your report."
summary,tube,gas_at_10_min_mL,gas_at_25_min_mL,gas_at_40_min_mL
class mean,glucose,3.4,11.9,21.3
smallest reading,glucose,2.6,10.1,18.3
largest reading,glucose,4.1,13.7,24.0
class mean,sucrose,2.7,10.2,18.4
smallest reading,sucrose,1.6,8.7,15.6
largest reading,sucrose,3.4,11.9,21.2
class mean,maltose,0.3,3.1,9.7
smallest reading,maltose,0.0,2.0,7.9
largest reading,maltose,0.5,4.2,12.0
class mean,lactose,0.2,0.5,0.9
smallest reading,lactose,0.0,0.2,0.3
largest reading,lactose,0.3,0.8,1.3
class mean,control,0.2,0.3,0.5
smallest reading,control,0.1,0.1,0.3
largest reading,control,0.3,0.5,0.7
