ID,Risk,Likelihood (1-5),Impact (1-5),Score,Owner,Mitigation,Contingency,Trigger,Status,Last reviewed
R-01,"Android crash-free sessions below the release bar at release candidate",4,4,16,Ilka Vantongeren,"Fix the two remaining crash clusters (sync worker out of memory on low-RAM devices; map tile cache) and ship both in beta build b7","Hold the start of the Android rollout by one week while iOS launches on schedule","Bar not met on the release candidate build over seven days",Open,2 Oct 2026
R-02,"PDF export font defect MG-2291 not fixed before feature freeze",3,4,12,Yevgenia Marchetti-Oduya,"Inkspindle patch 4.2.1; in parallel a workaround that bundles Noto fonts with the app","Launch with CSV export only and deliver PDF export in maintenance release 3.0.1","No fix merged by end of Wednesday 7 October",Open,2 Oct 2026
R-03,"Store review is delayed or the build is rejected",2,4,8,Dorrin Ashgrove-Patel,"Submit to both stores on the planned date with an expedited-review request ready to send","Launch moves day for day","Review not cleared one working day before launch",Open,2 Oct 2026
R-04,"Sync API v3 production cut-over corrupts or duplicates records for 2.x clients",2,5,10,Tobiah Kessenich,"Dual-write to v2 and v3 for 14 days after cut-over; cut-over planned for Thursday 8 October","Roll back to the v2 endpoints within 30 minutes","Duplicate or missing inspections reported by any customer",Open,2 Oct 2026
R-05,"Pilot crews are not available during the closed beta window",3,2,6,Saoirse Lindqvang,"Confirm named crews and a backup contact for each pilot customer","Extend the beta for that customer only; the launch date holds","Fewer than 10 active crew members at a customer in the first week",Open,2 Oct 2026
R-06,"Single point of knowledge on sync while Tobiah Kessenich is on leave in release candidate week",5,2,10,Halvard Niemczyk,"Lucinda Farthingale shadows the sync on-call from Monday 5 October and covers during the leave","Tobiah is reachable by phone for P0 defects only","Any sync P0 during the leave",Open,2 Oct 2026
R-07,"Low-memory Android 10 devices run out of memory in the sync worker",3,3,9,Ilka Vantongeren,"Cap the sync batch at 200 records on devices with under 3 GB of RAM","Disable background sync on the affected models","More than 1 in 200 sessions on those models end in a crash",Open,2 Oct 2026
R-08,"Regression suite runtime delays release candidate sign-off",3,3,9,Corbin Thistlewood,"Run the suite in parallel on four device farms","Sign off on the smoke subset plus manual checks of the changed areas","Suite not finished overnight before a sign-off",Open,2 Oct 2026
R-09,"Inkspindle licence lapses during the 3.0 support window",1,4,4,Saoirse Lindqvang,"Purchase order approved; licence valid to 31 July 2027","Renew one month early","Renewal notice from the vendor",Closed,2 Oct 2026
R-10,"Play Data safety form is incomplete at store submission",2,3,6,Dorrin Ashgrove-Patel,"Tobiah sends the updated SDK list; Dorrin completes the form the same week","Submit iOS first and Android when the form is complete","Form not complete by Monday 26 October",Open,2 Oct 2026
